date,pluie_mm,intensite_max_mm_h,mois,saison
2004-06-03,0.0,3.333333333333333,6,pluies
2004-06-04,4.0,17.4,6,pluies
2004-06-06,0.0,19.25,6,pluies
2004-06-08,6.2,7.434782608695653,6,pluies
2004-06-09,2.7,2.0,6,pluies
2004-06-11,0.0,13.23529411764706,6,pluies
2004-06-12,40.0,1.5925925925925923,6,pluies
2004-06-16,0.0,8.461538461538462,6,pluies
2004-06-17,0.0,1.2,6,pluies
2004-06-20,0.0,1.6923076923076923,6,pluies
2004-06-21,20.5,35.16666666666667,6,pluies
2004-06-24,0.0,9.857142857142858,6,pluies
2004-06-28,14.0,5.999999999999999,6,pluies
2004-06-29,0.0,6.333333333333333,6,pluies
2004-06-30,0.0,3.125,6,pluies
2004-07-02,0.0,6.727272727272728,7,pluies
2004-07-03,14.9,0.4,7,pluies
2004-07-04,0.0,7.769230769230768,7,pluies
2004-07-05,22.9,4.835820895522388,7,pluies
2004-07-06,0.0,14.000000000000002,7,pluies
2004-07-09,3.6,15.4,7,pluies
2004-07-10,0.0,10.249999999999998,7,pluies
2004-07-11,4.5,3.3043478260869565,7,pluies
2004-07-16,21.5,11.0,7,pluies
2004-07-17,0.0,2.333333333333333,7,pluies
2004-07-18,0.0,3.2790697674418605,7,pluies
2004-07-20,0.0,5.162790697674419,7,pluies
2004-07-21,14.8,3.0000000000000004,7,pluies
2004-07-23,0.0,3.1,7,pluies
2004-07-24,27.0,6.588235294117647,7,pluies
2004-07-26,0.0,11.2,7,pluies
2004-07-27,36.0,5.461538461538461,7,pluies
2004-07-28,0.0,1.5,7,pluies
2004-07-29,46.4,1.0714285714285714,7,pluies
2004-07-30,0.0,8.0,7,pluies
2004-08-03,6.1,25.33333333333333,8,pluies
2004-08-05,0.0,2.575,8,pluies
2004-08-08,0.0,1.0,8,pluies
2004-08-10,0.0,12.124999999999998,8,pluies
2004-08-11,0.0,0.7222222222222222,8,pluies
2004-08-15,0.0,12.166666666666666,8,pluies
2004-08-17,2.5,1.2857142857142858,8,pluies
2004-08-21,0.0,0.3333333333333333,8,pluies
2004-08-22,0.0,7.666666666666666,8,pluies
2004-08-23,0.0,6.25,8,pluies
2004-08-26,0.0,10.333333333333334,8,pluies
2004-08-27,17.2,15.583333333333334,8,pluies
2004-08-28,0.9,22.1875,8,pluies
2004-08-29,0.0,11.823529411764708,8,pluies
2004-08-30,18.7,1.4999999999999998,8,pluies
2004-09-02,0.0,20.75,9,pluies
2004-09-03,17.5,7.214285714285714,9,pluies
2004-09-04,19.3,0.923076923076923,9,pluies
2004-09-05,35.6,13.869565217391305,9,pluies
2004-09-06,0.0,0.4390243902439025,9,pluies
2004-09-08,0.0,0.5714285714285715,9,pluies
2004-09-09,0.0,2.0,9,pluies
2004-09-10,6.4,4.235294117647059,9,pluies
2004-09-11,0.0,1.4,9,pluies
2004-09-12,13.4,5.999999999999999,9,pluies
2004-09-15,0.0,18.666666666666668,9,pluies
2004-09-16,0.0,5.260869565217392,9,pluies
2004-09-17,0.0,1.0,9,pluies
2004-09-20,0.0,4.0,9,pluies
2004-09-21,10.5,9.0,9,pluies
2004-09-22,4.5,2.0,9,pluies
2004-09-26,7.6,2.3529411764705883,9,pluies
2004-09-29,1.2,3.794117647058824,9,pluies
2004-09-30,24.8,0.6666666666666666,9,pluies
2004-10-02,1.2,1.0,10,pluies
2004-10-04,4.8,4.0,10,pluies
2004-10-06,0.0,12.428571428571429,10,pluies
2004-10-10,0.0,5.374999999999999,10,pluies
2004-10-11,17.7,2.555555555555556,10,pluies
2004-10-20,0.0,4.0,10,pluies
2004-10-22,0.0,1.6666666666666667,10,pluies
2004-10-23,0.0,4.857142857142858,10,pluies
2004-10-24,0.0,4.923076923076923,10,pluies
2005-06-04,0.0,30.375,6,pluies
2005-06-07,0.0,2.333333333333333,6,pluies
2005-06-09,0.0,6.333333333333333,6,pluies
2005-06-11,0.0,5.966666666666666,6,pluies
2005-06-12,1.9,11.0,6,pluies
2005-06-15,17.9,38.5,6,pluies
2005-06-17,0.0,9.499999999999998,6,pluies
2005-06-19,24.6,8.0,6,pluies
2005-06-21,0.0,4.333333333333334,6,pluies
2005-06-22,5.5,18.0,6,pluies
2005-06-24,5.1,7.666666666666666,6,pluies
2005-06-25,5.2,6.307692307692307,6,pluies
2005-06-28,1.8,12.65,6,pluies
2005-06-30,2.3,1.8,6,pluies
2005-07-06,0.0,15.0,7,pluies
2005-07-09,4.5,2.8461538461538463,7,pluies
2005-07-10,0.0,2.944444444444444,7,pluies
2005-07-12,4.0,2.5,7,pluies
2005-07-13,5.6,9.375,7,pluies
2005-07-15,0.0,0.5714285714285715,7,pluies
2005-07-16,4.5,2.55,7,pluies
2005-07-18,6.7,4.4,7,pluies
2005-07-19,0.8,0.8181818181818181,7,pluies
2005-07-22,0.0,6.909090909090908,7,pluies
2005-07-23,2.2,5.0,7,pluies
2005-07-24,1.8,4.319148936170213,7,pluies
2005-07-27,0.0,1.3913043478260871,7,pluies
2005-07-28,7.6,3.125,7,pluies
2005-07-29,3.9,7.166666666666667,7,pluies
2005-07-30,20.3,1.3333333333333337,7,pluies
2005-08-11,1.2,11.0,8,pluies
2005-08-12,0.0,1.0,8,pluies
2005-08-16,0.9,10.555555555555555,8,pluies
2005-08-17,0.0,4.0,8,pluies
2005-08-19,0.0,25.25,8,pluies
2005-08-21,9.5,12.666666666666666,8,pluies
2005-08-23,0.0,11.181818181818182,8,pluies
2005-08-24,10.1,1.952380952380952,8,pluies
2005-08-25,23.0,11.709677419354838,8,pluies
2005-08-28,0.0,7.230769230769231,8,pluies
2005-08-29,12.3,1.4,8,pluies
2005-08-30,4.1,2.5,8,pluies
2005-09-03,15.6,3.545454545454545,9,pluies
2005-09-04,0.0,3.0,9,pluies
2005-09-05,7.8,50.66666666666666,9,pluies
2005-09-07,15.2,18.0,9,pluies
2005-09-15,0.0,3.333333333333333,9,pluies
2005-09-17,0.0,8.571428571428571,9,pluies
2005-09-18,10.5,6.782608695652175,9,pluies
2005-09-21,6.0,10.333333333333334,9,pluies
2005-09-23,20.8,37.75,9,pluies
2005-09-24,0.0,1.5625,9,pluies
2005-09-28,0.0,1.3333333333333337,9,pluies
2005-09-29,30.2,23.0,9,pluies
2005-09-30,10.0,10.333333333333334,9,pluies
2005-10-03,0.0,24.0,10,pluies
2005-10-05,13.5,39.375,10,pluies
2005-10-06,0.0,21.25,10,pluies
2005-10-09,22.4,14.499999999999998,10,pluies
2005-10-10,0.0,2.666666666666667,10,pluies
2005-10-11,3.8,8.0,10,pluies
2005-10-15,0.8,29.333333333333336,10,pluies
2006-06-08,0.2,2.0,6,pluies
2006-06-09,19.8,11.0,6,pluies
2006-06-12,3.1,2.5,6,pluies
2006-06-13,0.5,7.285714285714286,6,pluies
2006-06-14,5.1,6.5,6,pluies
2006-06-15,2.9,1.0,6,pluies
2006-06-19,4.3,3.0,6,pluies
2006-06-21,0.3,3.0,6,pluies
2006-07-02,13.2,12.5,7,pluies
2006-07-03,8.1,7.764705882352941,7,pluies
2006-07-04,33.3,20.25,7,pluies
2006-07-08,0.5,2.5,7,pluies
2006-07-13,0.4,29.5,7,pluies
2006-07-14,5.9,17.375,7,pluies
2006-07-15,14.3,6.466666666666666,7,pluies
2006-07-19,13.7,7.75,7,pluies
2006-07-21,5.6,1.4871794871794872,7,pluies
2006-07-22,13.2,2.0,7,pluies
2006-07-24,5.8,6.5,7,pluies
2006-07-25,0.2,4.34375,7,pluies
2006-07-26,7.9,1.0,7,pluies
2006-07-27,2.6,5.848484848484849,7,pluies
2006-07-28,14.3,4.688888888888889,7,pluies
2006-07-30,0.7,6.157894736842105,7,pluies
2006-07-31,19.6,16.416666666666668,7,pluies
2006-08-01,0.2,6.096774193548386,8,pluies
2006-08-02,0.5,0.4,8,pluies
2006-08-06,1.1,1.5714285714285716,8,pluies
2006-08-07,5.4,4.909090909090909,8,pluies
2006-08-10,22.3,6.027027027027027,8,pluies
2006-08-12,23.7,28.307692307692303,8,pluies
2006-08-13,36.8,3.1818181818181817,8,pluies
2006-08-14,3.5,17.666666666666668,8,pluies
2006-08-15,5.3,9.533333333333331,8,pluies
2006-08-16,14.3,14.0,8,pluies
2006-08-18,14.0,7.8,8,pluies
2006-08-19,1.7,2.5,8,pluies
2006-08-26,0.6,13.999999999999998,8,pluies
2006-08-30,17.8,14.615384615384617,8,pluies
2006-08-31,17.3,2.571428571428572,8,pluies
2006-09-08,2.8,6.999999999999999,9,pluies
2006-09-09,2.2,11.0,9,pluies
2006-09-10,0.4,2.0,9,pluies
2006-09-12,10.7,3.6666666666666665,9,pluies
2006-09-15,21.6,3.951219512195122,9,pluies
2006-09-16,16.2,2.0,9,pluies
2006-09-18,0.8,10.0,9,pluies
2006-09-19,5.8,1.1369863013698631,9,pluies
2006-09-25,28.5,3.7460317460317465,9,pluies
2006-09-28,23.6,6.647058823529412,9,pluies
2006-09-30,0.8,8.0,9,pluies
2006-10-01,19.1,2.666666666666667,10,pluies
2006-10-02,6.0,23.571428571428573,10,pluies
2006-10-08,17.7,3.0,10,pluies
2006-10-09,8.2,40.99999999999999,10,pluies
2006-10-14,0.3,5.827586206896552,10,pluies
2007-06-06,0.9,10.285714285714286,6,pluies
2007-06-09,2.9,9.625,6,pluies
2007-06-24,0.3,2.0,6,pluies
2007-07-01,0.9,3.0,7,pluies
2007-07-03,13.5,0.9,7,pluies
2007-07-09,0.3,29.0,7,pluies
2007-07-13,8.2,7.7,7,pluies
2007-07-15,26.8,5.426966292134832,7,pluies
2007-07-17,0.8,6.821428571428572,7,pluies
2007-07-18,19.1,6.999999999999999,7,pluies
2007-07-21,10.5,3.4857142857142853,7,pluies
2007-07-27,7.1,2.52,7,pluies
2007-07-29,50.0,8.333333333333334,7,pluies
2007-07-30,6.3,3.0769230769230766,7,pluies
2007-07-31,1.4,128.0,7,pluies
2007-08-08,22.6,4.0,8,pluies
2007-08-09,4.0,5.947368421052632,8,pluies
2007-08-11,10.0,1.9607843137254903,8,pluies
2007-08-12,0.3,1.0,8,pluies
2007-08-13,29.0,5.895833333333334,8,pluies
2007-08-14,1.2,4.0,8,pluies
2007-08-17,24.2,2.0,8,pluies
2007-08-20,18.0,7.379310344827586,8,pluies
2007-08-21,21.4,7.666666666666666,8,pluies
2007-08-24,2.0,2.0,8,pluies
2007-08-26,1.2,5.666666666666667,8,pluies
2007-08-31,13.5,29.25,8,pluies
2007-09-01,8.5,5.999999999999999,9,pluies
2007-09-03,11.5,5.0,9,pluies
2007-09-05,7.5,9.18181818181818,9,pluies
2007-09-06,17.9,10.714285714285715,9,pluies
2007-09-07,4.5,9.421052631578949,9,pluies
2007-09-08,20.4,4.090909090909091,9,pluies
2007-09-11,4.5,15.0,9,pluies
2007-09-12,3.8,3.1666666666666665,9,pluies
2007-09-13,7.5,2.678571428571429,9,pluies
2007-09-15,9.0,36.5,9,pluies
2007-09-17,2.3,1.0,9,pluies
2007-09-18,0.2,19.6,9,pluies
2007-09-23,3.1,16.0,9,pluies
2007-09-24,20.7,8.608695652173914,9,pluies
2007-09-25,1.6,9.217391304347826,9,pluies
2007-09-26,19.8,14.250000000000002,9,pluies
2007-09-27,21.2,64.5,9,pluies
2007-09-29,17.1,26.666666666666668,9,pluies
2007-09-30,12.9,23.333333333333336,9,pluies
2007-10-05,4.3,24.0,10,pluies
2007-10-06,0.5,42.99999999999999,10,pluies
2007-10-29,40.5,6.999999999999999,10,pluies
2008-06-12,19.0,189.0,6,pluies
2008-06-17,24.2,20.42857142857143,6,pluies
2008-06-18,22.8,0.6666666666666667,6,pluies
2008-06-26,45.5,13.0,6,pluies
2008-06-29,1.3,272.0,6,pluies
2008-06-30,29.6,8.720930232558139,6,pluies
2008-07-06,21.2,6.205128205128205,7,pluies
2008-07-11,11.6,29.0,7,pluies
2008-07-12,22.6,22.6,7,pluies
2008-07-13,18.9,31.5,7,pluies
2008-07-19,15.1,4.8235294117647065,7,pluies
2008-07-20,24.6,22.42857142857143,7,pluies
2008-07-21,23.2,4.666666666666667,7,pluies
2008-07-27,16.2,2.083333333333333,7,pluies
2008-07-29,29.7,7.000000000000001,7,pluies
2008-07-30,7.5,7.5,7,pluies
2008-08-01,25.9,2.0,8,pluies
2008-08-03,0.5,9.25,8,pluies
2008-08-05,20.0,5.0,8,pluies
2008-08-06,13.4,15.75,8,pluies
2008-08-07,15.7,4.0,8,pluies
2008-08-11,17.5,7.0,8,pluies
2008-08-12,25.4,5.909090909090909,8,pluies
2008-08-15,25.9,10.249999999999998,8,pluies
2008-08-16,5.1,45.0,8,pluies
2008-08-19,0.3,5.0,8,pluies
2008-08-24,0.6,3.0,8,pluies
2008-08-26,0.3,3.5,8,pluies
2008-08-27,10.7,4.7317073170731705,8,pluies
2008-08-29,0.7,35.333333333333336,8,pluies
2008-08-30,19.4,2.666666666666667,8,pluies
2008-08-31,5.5,2.0,8,pluies
2008-09-01,23.3,15.588235294117649,9,pluies
2008-09-02,7.9,7.166666666666667,9,pluies
2008-09-03,1.5,8.321428571428573,9,pluies
2008-09-09,2.6,11.777777777777777,9,pluies
2008-09-11,15.1,11.2,9,pluies
2008-09-14,12.5,7.352941176470589,9,pluies
2008-09-15,24.4,14.352941176470589,9,pluies
2008-09-26,17.3,20.36363636363636,9,pluies
2008-09-29,24.4,5.666666666666667,9,pluies
2008-10-02,10.8,28.5,10,pluies
2008-10-12,4.6,23.0,10,pluies
2008-10-13,0.8,4.0,10,pluies
2008-10-14,4.8,5.333333333333333,10,pluies
2008-10-17,37.0,13.5,10,pluies
2009-06-01,17.9,11.999999999999998,6,pluies
2009-06-02,16.7,2.2,6,pluies
2009-06-03,32.8,25.57142857142857,6,pluies
2009-06-13,0.4,4.0,6,pluies
2009-06-14,0.3,3.0,6,pluies
2009-06-15,45.0,26.11111111111111,6,pluies
2009-06-21,5.0,2.9615384615384617,6,pluies
2009-06-29,35.3,0.7058823529411765,6,pluies
2009-07-06,0.3,62.0,7,pluies
2009-07-07,0.2,3.0,7,pluies
2009-07-08,5.5,2.0,7,pluies
2009-07-09,23.5,55.0,7,pluies
2009-07-11,0.2,2.0,7,pluies
2009-07-13,6.2,5.636363636363636,7,pluies
2009-07-15,4.5,15.0,7,pluies
2009-07-21,7.8,0.1538461538461538,7,pluies
2009-07-24,2.6,0.4,7,pluies
2009-07-26,0.2,24.000000000000004,7,pluies
2009-07-27,0.1,34.0,7,pluies
2009-07-30,10.6,3.0,7,pluies
2009-07-31,3.8,0.7291666666666667,7,pluies
2009-08-03,41.7,1.5000000000000002,8,pluies
2009-08-05,0.2,7.067796610169491,8,pluies
2009-08-08,19.9,6.1,8,pluies
2009-08-12,7.9,10.5,8,pluies
2009-08-13,23.5,9.4,8,pluies
2009-08-14,4.5,3.0,8,pluies
2009-08-15,1.3,9.0,8,pluies
2009-08-18,59.2,4.055555555555555,8,pluies
2009-08-19,7.3,5.92857142857143,8,pluies
2009-08-20,16.6,11.358974358974358,8,pluies
2009-08-21,45.1,4.418604651162791,8,pluies
2009-08-24,5.2,9.304347826086955,8,pluies
2009-08-26,21.4,1.5555555555555554,8,pluies
2009-08-29,2.8,8.6,8,pluies
2009-08-31,46.2,14.542857142857144,8,pluies
2009-09-01,6.5,0.6923076923076923,9,pluies
2009-09-03,11.4,4.615384615384615,9,pluies
2009-09-05,1.8,1.3682008368200838,9,pluies
2009-09-06,41.5,1.6363636363636362,9,pluies
2009-09-07,13.9,16.72222222222222,9,pluies
2009-09-08,1.5,9.0,9,pluies
2009-09-11,0.5,2.5,9,pluies
2009-09-12,22.7,9.0,9,pluies
2009-09-13,0.3,1.0,9,pluies
2009-09-14,26.6,22.166666666666668,9,pluies
2009-09-15,7.3,2.354838709677419,9,pluies
2009-09-17,35.8,5.999999999999999,9,pluies
2009-09-24,15.4,5.9,9,pluies
2009-09-26,5.9,2.818181818181818,9,pluies
2009-09-30,0.4,10.2,9,pluies
2009-10-01,7.8,34.285714285714285,10,pluies
2009-10-07,0.7,5.959183673469387,10,pluies
2009-10-12,17.4,10.235294117647058,10,pluies
2009-10-14,0.7,6.999999999999999,10,pluies
2009-10-24,40.7,5.0,10,pluies
2009-10-26,0.5,24.42857142857143,10,pluies
2009-10-29,17.1,13.5,10,pluies
2009-10-31,3.0,8.0,10,pluies
2010-06-01,20.4,20.0,6,pluies
2010-06-02,2.6,4.0,6,pluies
2010-06-04,10.1,11.999999999999998,6,pluies
2010-06-21,0.3,3.0,6,pluies
2010-06-23,2.7,2.4545454545454546,6,pluies
2010-06-24,23.9,10.863636363636362,6,pluies
2010-06-25,23.6,18.153846153846157,6,pluies
2010-06-26,7.3,9.125,6,pluies
2010-06-29,5.0,50.0,6,pluies
2010-06-30,18.0,11.4,6,pluies
2010-07-02,7.5,3.1,7,pluies
2010-07-05,0.7,9.77777777777778,7,pluies
2010-07-07,8.1,3.5,7,pluies
2010-07-08,11.9,4.05,7,pluies
2010-07-10,3.4,4.0,7,pluies
2010-07-16,56.3,5.0,7,pluies
2010-07-17,3.4,30.3125,7,pluies
2010-07-18,1.5,11.333333333333334,7,pluies
2010-07-22,4.8,3.0,7,pluies
2010-07-23,2.0,1.5384615384615383,7,pluies
2010-07-26,15.7,7.136363636363636,7,pluies
2010-07-27,18.5,3.215686274509804,7,pluies
2010-07-29,1.0,2.5,7,pluies
2010-07-30,4.2,14.000000000000002,7,pluies
2010-07-31,25.4,15.0,7,pluies
2010-08-01,7.3,4.75,8,pluies
2010-08-06,34.8,7.578947368421053,8,pluies
2010-08-07,2.1,6.6923076923076925,8,pluies
2010-08-08,3.4,15.818181818181817,8,pluies
2010-08-10,5.3,4.857142857142858,8,pluies
2010-08-11,19.3,2.111111111111111,8,pluies
2010-08-12,14.2,2.867647058823529,8,pluies
2010-08-13,7.9,28.4,8,pluies
2010-08-22,0.2,2.0,8,pluies
2010-08-23,10.0,3.91304347826087,8,pluies
2010-08-25,68.1,22.538461538461537,8,pluies
2010-08-27,0.3,3.0,8,pluies
2010-08-28,9.7,2.552631578947368,8,pluies
2010-08-29,85.6,25.8,8,pluies
2010-08-30,33.8,16.095238095238095,8,pluies
2010-09-01,13.9,2.92,9,pluies
2010-09-04,0.6,9.066666666666666,9,pluies
2010-09-06,0.5,1.0,9,pluies
2010-09-07,7.8,7.148148148148148,9,pluies
2010-09-08,22.6,1.25,9,pluies
2010-09-10,45.4,4.769230769230769,9,pluies
2010-09-11,36.7,14.692307692307692,9,pluies
2010-09-12,3.4,7.6,9,pluies
2010-09-13,30.6,8.5,9,pluies
2010-09-14,6.2,14.571428571428571,9,pluies
2010-09-17,15.4,1.3333333333333337,9,pluies
2010-09-18,20.1,12.875,9,pluies
2010-09-19,0.7,10.05,9,pluies
2010-09-22,33.0,28.11111111111111,9,pluies
2010-09-23,29.3,48.833333333333336,9,pluies
2010-09-24,32.4,22.875,9,pluies
2010-09-25,0.6,1.2,9,pluies
2010-09-26,10.7,7.133333333333333,9,pluies
2010-09-27,1.8,1.3846153846153846,9,pluies
2010-09-28,9.3,2.066666666666667,9,pluies
2010-09-30,15.0,25.0,9,pluies
2010-10-01,27.9,2.4166666666666665,10,pluies
2010-10-04,10.5,28.8,10,pluies
2010-10-05,18.1,3.753846153846154,10,pluies
2010-10-07,3.8,7.6,10,pluies
2010-10-10,10.7,3.6666666666666665,10,pluies
2010-10-11,8.6,4.681818181818182,10,pluies
2010-10-12,1.8,5.999999999999999,10,pluies
2010-10-17,5.1,54.0,10,pluies
2010-10-25,2.8,39.0,10,pluies
2010-10-26,7.3,3.476190476190476,10,pluies
2011-06-03,21.8,5.5,6,pluies
2011-06-11,1.3,4.333333333333334,6,pluies
2011-06-14,4.9,2.130434782608696,6,pluies
2011-06-15,5.6,3.1111111111111107,6,pluies
2011-06-17,4.6,0.9019607843137256,6,pluies
2011-06-22,1.0,4.478260869565218,6,pluies
2011-07-13,8.5,14.166666666666668,7,pluies
2011-07-14,12.2,12.2,7,pluies
2011-07-17,19.9,9.45,7,pluies
2011-07-20,24.6,5.466666666666667,7,pluies
2011-07-29,10.4,9.538461538461538,7,pluies
2011-08-06,20.8,8.538461538461538,8,pluies
2011-08-07,3.2,33.0,8,pluies
2011-08-08,13.8,0.627450980392157,8,pluies
2011-08-09,2.8,7.666666666666667,8,pluies
2011-08-11,0.4,12.0,8,pluies
2011-08-13,0.5,30.0,8,pluies
2011-08-22,36.4,10.0,8,pluies
2011-08-23,1.0,6.222222222222221,8,pluies
2011-08-24,5.6,0.8666666666666667,8,pluies
2011-08-25,1.3,18.5,8,pluies
2011-08-26,18.5,13.333333333333334,8,pluies
2011-08-27,8.0,12.45,8,pluies
2011-08-28,39.8,7.6,8,pluies
2011-09-08,9.2,4.555555555555555,9,pluies
2011-09-09,6.3,7.666666666666666,9,pluies
2011-09-11,7.8,3.545454545454545,9,pluies
2011-09-13,6.5,2.1666666666666665,9,pluies
2011-09-15,35.8,17.047619047619044,9,pluies
2011-09-16,67.5,497.0,9,pluies
2011-09-19,41.8,12.151515151515152,9,pluies
2011-09-24,4.0,168.0,9,pluies
2011-09-27,34.1,57.0,9,pluies
2011-10-05,29.3,5.066666666666666,10,pluies
2011-10-06,44.3,9.0,10,pluies
2011-10-11,17.1,10.058823529411766,10,pluies
2011-10-12,19.6,11.529411764705884,10,pluies
2011-10-15,25.0,11.571428571428571,10,pluies
2011-10-17,2.6,31.200000000000003,10,pluies
2011-10-19,8.0,8.88888888888889,10,pluies
2011-10-20,1.5,45.0,10,pluies
2011-10-23,38.0,17.0,10,pluies
2012-06-02,4.6,11.6,6,pluies
2012-06-12,2.3,4.6,6,pluies
2012-06-13,4.1,5.124999999999999,6,pluies
2012-06-17,12.2,2.391304347826088,6,pluies
2012-06-21,2.5,11.0,6,pluies
2012-06-23,9.9,6.2727272727272725,6,pluies
2012-06-26,8.8,11.833333333333334,6,pluies
2012-07-03,1.6,11.047619047619047,7,pluies
2012-07-15,2.8,12.609375,7,pluies
2012-07-23,21.8,2.333333333333333,7,pluies
2012-07-31,1.6,17.243243243243242,7,pluies
2012-08-01,11.4,3.538461538461538,8,pluies
2012-08-15,3.3,2.5,8,pluies
2012-08-19,15.7,38.0,8,pluies
2012-08-23,1.5,0.1538461538461538,8,pluies
2012-08-29,34.8,1.4418604651162792,8,pluies
2012-08-30,1.7,1.4,8,pluies
2012-08-31,80.9,2.0,8,pluies
2012-09-01,5.5,7.439024390243903,9,pluies
2012-09-04,5.9,4.411764705882353,9,pluies
2012-09-07,52.4,20.166666666666668,9,pluies
2012-09-12,2.5,2.5,9,pluies
2012-09-14,5.8,1.5263157894736843,9,pluies
2012-09-15,20.9,26.125,9,pluies
2012-09-17,5.0,6.333333333333333,9,pluies
2012-09-18,35.6,2.2,9,pluies
2012-09-19,1.1,10.562499999999998,9,pluies
2012-09-20,16.9,1.5,9,pluies
2012-09-24,47.3,2.3125,9,pluies
2012-09-26,3.7,43.660714285714285,9,pluies
2012-09-29,16.3,9.75,9,pluies
2012-10-02,9.3,4.0,10,pluies
2012-10-05,7.5,83.33333333333334,10,pluies
2012-10-06,4.8,2.619047619047619,10,pluies
2012-10-07,3.1,3.2,10,pluies
2012-10-11,10.8,12.0,10,pluies
2012-10-12,12.0,24.0,10,pluies
2012-10-15,34.8,11.730337078651685,10,pluies
2012-10-29,5.5,16.363636363636363,10,pluies
2012-10-31,37.4,24.666666666666664,10,pluies
2013-06-08,11.4,36.142857142857146,6,pluies
2013-06-29,29.1,66.66666666666667,6,pluies
2013-07-02,1.1,3.5,7,pluies
2013-07-04,2.2,5.5,7,pluies
2013-07-06,24.1,10.22222222222222,7,pluies
2013-07-07,0.7,7.24,7,pluies
2013-07-08,2.4,12.31578947368421,7,pluies
2013-07-09,21.8,6.999999999999999,7,pluies
2013-07-18,11.7,11.0,7,pluies
2013-07-19,15.2,15.235294117647058,7,pluies
2013-07-21,39.6,9.499999999999998,7,pluies
2013-07-23,8.8,33.0,7,pluies
2013-08-20,2.1,3.5818181818181816,8,pluies
2013-08-22,0.7,1.8333333333333333,8,pluies
2013-08-23,3.1,25.875,8,pluies
2013-08-28,7.7,285.0,8,pluies
2013-08-29,142.1,26.0,8,pluies
2013-08-30,351.4,25.0,8,pluies
2013-09-05,8.1,6.25,9,pluies
2013-09-06,18.1,12.46153846153846,9,pluies
2013-09-07,2.2,9.0,9,pluies
2013-09-08,3.4,5.228571428571429,9,pluies
2013-09-09,1.1,3.1428571428571432,9,pluies
2013-09-10,1.8,17.0,9,pluies
2013-09-11,13.3,5.5,9,pluies
2013-09-12,3.3,0.9,9,pluies
2013-09-14,3.0,3.6666666666666665,9,pluies
2013-09-16,0.2,30.0,9,pluies
2013-09-17,1.0,6.0,9,pluies
2013-09-18,21.9,2.0,9,pluies
2013-09-20,42.7,21.9,9,pluies
2013-09-22,26.0,17.9,9,pluies
2013-09-24,12.2,4.615384615384615,9,pluies
2013-09-26,1.2,20.33333333333333,9,pluies
2013-10-01,3.0,0.1428571428571428,10,pluies
2013-10-03,21.3,10.0,10,pluies
2013-10-05,16.2,14.846153846153848,10,pluies
2013-10-07,2.8,6.48,10,pluies
2013-10-08,1.5,3.347826086956522,10,pluies
2013-10-09,16.0,2.0,10,pluies
2014-06-03,0.0,5.92857142857143,6,pluies
2014-06-04,0.5,0.6666666666666667,6,pluies
2014-06-06,0.0,10.0,6,pluies
2014-06-11,0.0,2.4615384615384617,6,pluies
2014-06-12,0.0,4.451612903225806,6,pluies
2014-06-16,32.5,1.0,6,pluies
2014-06-17,0.0,1.9333333333333331,6,pluies
2014-06-18,0.0,7.08,6,pluies
2014-06-21,2.3,0.1666666666666666,6,pluies
2014-06-22,0.0,13.999999999999998,6,pluies
2014-06-23,0.0,4.0,6,pluies
2014-06-27,0.0,0.5,6,pluies
2014-06-28,3.8,18.36363636363636,6,pluies
2014-06-30,110.0,10.0,6,pluies
2014-07-02,0.0,3.25,7,pluies
2014-07-03,0.0,14.818181818181818,7,pluies
2014-07-13,17.1,1.142857142857143,7,pluies
2014-07-14,0.0,8.6,7,pluies
2014-07-15,2.2,5.896551724137932,7,pluies
2014-07-17,0.0,16.0,7,pluies
2014-07-18,0.0,1.2307692307692308,7,pluies
2014-07-22,0.0,4.749999999999999,7,pluies
2014-07-23,0.0,3.0,7,pluies
2014-07-28,0.0,68.0,7,pluies
2014-07-30,46.4,14.714285714285715,7,pluies
2014-07-31,5.0,2.294117647058824,7,pluies
2014-08-05,0.0,9.5609756097561,8,pluies
2014-08-06,21.8,0.4,8,pluies
2014-08-08,0.0,5.882352941176471,8,pluies
2014-08-15,0.0,2.431372549019608,8,pluies
2014-08-17,3.7,0.7499999999999999,8,pluies
2014-08-22,0.0,1.892857142857143,8,pluies
2014-08-25,0.0,23.57894736842105,8,pluies
2014-08-26,0.0,2.636363636363636,8,pluies
2014-08-29,31.0,0.8275862068965517,8,pluies
2014-08-30,180.0,21.333333333333336,8,pluies
2014-08-31,12.0,19.375,8,pluies
2014-09-01,2.4,3.15,9,pluies
2014-09-02,16.9,8.0,9,pluies
2014-09-03,0.6,1.411764705882353,9,pluies
2014-09-04,108.2,1.98046875,9,pluies
2014-09-05,2.0,0.5,9,pluies
2014-09-06,17.8,37.71428571428572,9,pluies
2014-09-07,0.0,1.6666666666666667,9,pluies
2014-09-08,0.7,5.0,9,pluies
2014-09-10,0.0,0.5384615384615384,9,pluies
2014-09-11,0.0,3.884615384615384,9,pluies
2014-09-15,13.8,2.333333333333333,9,pluies
2014-09-16,0.6,1.6666666666666667,9,pluies
2014-09-17,0.0,6.571428571428571,9,pluies
2014-09-18,3.0,0.2307692307692307,9,pluies
2014-09-20,0.0,2.727272727272727,9,pluies
2014-09-21,6.8,3.769230769230769,9,pluies
2014-09-23,8.5,22.666666666666668,9,pluies
2014-09-25,0.4,17.0,9,pluies
2014-09-26,0.0,1.6666666666666667,9,pluies
2014-09-27,5.8,1.0,9,pluies
2014-09-29,0.0,7.249999999999999,9,pluies
2014-09-30,220.5,0.6,9,pluies
2014-10-01,0.0,10.963636363636365,10,pluies
2014-10-04,3.5,2.1052631578947367,10,pluies
2014-10-06,0.6,5.0,10,pluies
2014-10-08,0.9,3.0,10,pluies
2014-10-09,0.0,4.538461538461538,10,pluies
2014-10-10,28.9,2.25,10,pluies
2014-10-12,12.0,43.8,10,pluies
2014-10-14,11.5,20.0,10,pluies
2014-10-15,28.1,3.0,10,pluies
2014-10-16,0.9,23.0,10,pluies
2014-10-17,0.0,21.615384615384617,10,pluies
2014-10-18,0.0,9.0,10,pluies
2014-10-27,11.1,4.333333333333333,10,pluies
2014-10-29,6.0,22.2,10,pluies
2014-10-31,15.0,7.5,10,pluies
